,False,True,accuracy,macro avg,weighted avg
f1-score,0.3946711074104913,0.4193290734824281,0.4072564207093355,0.4070000904464597,0.41388079887542045
precision,0.25483870967741934,0.8853288364249579,0.4072564207093355,0.5700837730511886,0.7460195625981475
recall,0.8745387453874539,0.27472527472527475,0.4072564207093355,0.5746320100563643,0.4072564207093355
support,542.0,1911.0,0.4072564207093355,2453.0,2453.0
