,False,True,accuracy,macro avg,weighted avg
f1-score,0.4123376623376623,0.8029395753946652,0.7048512026090501,0.6076386188661638,0.7166345460930365
precision,0.3681159420289855,0.8366420873511061,0.7048512026090501,0.6023790146900458,0.7331193923798099
recall,0.46863468634686345,0.771847200418629,0.7048512026090501,0.6202409433827463,0.7048512026090501
support,542.0,1911.0,0.7048512026090501,2453.0,2453.0
