,False,True,accuracy,macro avg,weighted avg
f1-score,0.46633416458852867,0.8957115009746589,0.8255197717081125,0.6810228327815938,0.8008388893475563
precision,0.7192307692307692,0.8381212950296397,0.8255197717081125,0.7786760321302044,0.8118519656439945
recall,0.34501845018450183,0.9618001046572475,0.8255197717081125,0.6534092774208746,0.8255197717081125
support,542.0,1911.0,0.8255197717081125,2453.0,2453.0
