,False,True,accuracy,macro avg,weighted avg
f1-score,0.363882618510158,0.4764028242289112,0.42560130452507133,0.4201427213695346,0.4515410421255422
precision,0.24088463837417812,0.8217948717948718,0.42560130452507133,0.5313397550845249,0.6934404704438666
recall,0.7435424354243543,0.33542647828362115,0.42560130452507133,0.5394844568539877,0.42560130452507133
support,542.0,1911.0,0.42560130452507133,2453.0,2453.0
