,False,True,accuracy,macro avg,weighted avg
f1-score,0.3353500432152117,0.4066358024691358,0.3730126375866286,0.3709929228421738,0.39088493352676856
precision,0.21896162528216703,0.7738619676945668,0.3730126375866286,0.4964117964883669,0.6512545540836737
recall,0.7158671586715867,0.27577184720041864,0.3730126375866286,0.49581950293600263,0.3730126375866286
support,542.0,1911.0,0.3730126375866286,2453.0,2453.0
