,False,True,accuracy,macro avg,weighted avg
f1-score,0.47113594040968343,0.8517745302713987,0.7684467998369343,0.6614552353405411,0.7676709364250679
precision,0.4755639097744361,0.8495575221238938,0.7684467998369343,0.6625607159491649,0.7669221621999613
recall,0.466789667896679,0.8540031397174255,0.7684467998369343,0.6603964038070522,0.7684467998369343
support,542.0,1911.0,0.7684467998369343,2453.0,2453.0
