,False,True,accuracy,macro avg,weighted avg
f1-score,0.16740088105726872,0.7494033412887827,0.6147574398695475,0.4584021111730257,0.6208076081271519
precision,0.16020236087689713,0.7596774193548387,0.6147574398695475,0.4599398901158679,0.6272210468741847
recall,0.1752767527675277,0.7394034536891679,0.6147574398695475,0.45734010322834784,0.6147574398695475
support,542.0,1911.0,0.6147574398695475,2453.0,2453.0
