,False,True,accuracy,macro avg,weighted avg
f1-score,0.050359712230215826,0.8786206896551725,0.7847533632286996,0.46449020094269416,0.6956131683488836
precision,1.0,0.7835178351783518,0.7847533632286996,0.8917589175891759,0.8313504211275297
recall,0.025830258302583026,1.0,0.7847533632286996,0.5129151291512916,0.7847533632286996
support,542.0,1911.0,0.7847533632286996,2453.0,2453.0
