,False,True,accuracy,macro avg,weighted avg
f1-score,0.340341655716163,0.7033096926713948,0.5907052588666939,0.5218256741937789,0.6231104770049718
precision,0.2642857142857143,0.8078750848608283,0.5907052588666939,0.5360803995732712,0.6877668749742764
recall,0.477859778597786,0.6227106227106227,0.5907052588666939,0.5502852006542044,0.5907052588666939
support,542.0,1911.0,0.5907052588666939,2453.0,2453.0
