,False,True,accuracy,macro avg,weighted avg
f1-score,0.561658031088083,0.8926668358284698,0.8275580921320832,0.7271624334582765,0.8195291382462074
precision,0.640661938534279,0.8665024630541872,0.8275580921320832,0.7535822007942331,0.8166021107142809
recall,0.5,0.9204604918890633,0.8275580921320832,0.7102302459445317,0.8275580921320832
support,542.0,1911.0,0.8275580921320832,2453.0,2453.0
