,False,True,accuracy,macro avg,weighted avg
f1-score,0.3381389252948886,0.7011834319526628,0.588259274357929,0.5196611786237757,0.6209673200046344
precision,0.2621951219512195,0.8066712049012934,0.588259274357929,0.5344331634262565,0.6863670724272045
recall,0.47601476014760147,0.6200941915227629,0.588259274357929,0.5480544758351822,0.588259274357929
support,542.0,1911.0,0.588259274357929,2453.0,2453.0
