,False,True,accuracy,macro avg,weighted avg
f1-score,0.28019323671497587,0.8254042652917741,0.7189739720860053,0.5527987510033749,0.7387175627096841
precision,0.23634881825590873,0.8642944785276073,0.7189739720860053,0.550321648391758,0.7644532503855775
recall,0.34400948991696323,0.7898631980264633,0.7189739720860053,0.5669363439717132,0.7189739720860053
support,843.0,4459.0,0.7189739720860053,5302.0,5302.0
