,False,True,accuracy,macro avg,weighted avg
f1-score,0.276,0.7766535044422508,0.6586193889098454,0.5263267522211255,0.7109321089138075
precision,0.19124168514412418,0.8996569468267581,0.6586193889098454,0.5454493159854411,0.8066624122867517
recall,0.4956896551724138,0.6832392531480678,0.6586193889098454,0.5894644541602407,0.6586193889098454
support,696.0,4606.0,0.6586193889098454,5302.0,5302.0
