,False,True,accuracy,macro avg,weighted avg
f1-score,0.018411967779056387,0.9123780174627633,0.8391173142210486,0.46539499262090983,0.7702404505288959
precision,0.3076923076923077,0.8417361637604246,0.8391173142210486,0.5747142357263662,0.7568250036952751
recall,0.009489916963226572,0.9959632204530163,0.8391173142210486,0.5027265687081215,0.8391173142210486
support,843.0,4459.0,0.8391173142210486,5302.0,5302.0
