,False,True,accuracy,macro avg,weighted avg
f1-score,0.02914798206278027,0.910831960461285,0.8366654092795172,0.4699899712620326,0.7706472011648046
precision,0.2653061224489796,0.8419950504473634,0.8366654092795172,0.5536505864481716,0.7503034687229881
recall,0.01542111506524318,0.9919264409060328,0.8366654092795172,0.503673777985638,0.8366654092795172
support,843.0,4459.0,0.8366654092795172,5302.0,5302.0
