,False,True,accuracy,macro avg,weighted avg
f1-score,0.035043804755944936,0.9213666496685365,0.8545831761599396,0.47820522721224074,0.7976625936075561
precision,0.23728813559322035,0.8615296585924089,0.8545831761599396,0.5494088970928146,0.7744042857105908
recall,0.01891891891891892,0.990135905304691,0.8545831761599396,0.504527412111805,0.8545831761599396
support,740.0,4562.0,0.8545831761599396,5302.0,5302.0
