,False,True,accuracy,macro avg,weighted avg
f1-score,0.29963459196102316,0.685792349726776,0.5662014334213504,0.4927134708438996,0.6243945772264876
precision,0.2015567390413765,0.8773156239077246,0.5662014334213504,0.5394361814745505,0.7698722553784277
recall,0.5836298932384342,0.5629064812738283,0.5662014334213504,0.5732681872561312,0.5662014334213504
support,843.0,4459.0,0.5662014334213504,5302.0,5302.0
