,False,True,accuracy,macro avg,weighted avg
f1-score,0.29011913104414855,0.5193737150086984,0.4268200678989061,0.4047464230264235,0.48292301446510816
precision,0.1806282722513089,0.880901287553648,0.4268200678989061,0.5307647799024785,0.7695602555091607
recall,0.7366548042704626,0.3682440008970621,0.4268200678989061,0.5524494025837623,0.4268200678989061
support,843.0,4459.0,0.4268200678989061,5302.0,5302.0
