,False,True,accuracy,macro avg,weighted avg
f1-score,0.3799071338117349,0.420969649191959,0.4011414594374236,0.40043839150184696,0.41189672488047047
precision,0.24630541871921183,0.853035143769968,0.4011414594374236,0.5496702812445899,0.718975824170494
recall,0.8302583025830258,0.2794348508634223,0.4011414594374236,0.554846576723224,0.4011414594374236
support,542.0,1911.0,0.4011414594374236,2453.0,2453.0
