,False,True,accuracy,macro avg,weighted avg
f1-score,0.33183856502242154,0.8034819308889475,0.6962902568283734,0.5676602479556845,0.699270473775349
precision,0.3228621291448517,0.8101063829787234,0.6962902568283734,0.5664842560617875,0.7024478482954952
recall,0.3413284132841328,0.7969649398220827,0.6962902568283734,0.5691466765531078,0.6962902568283734
support,542.0,1911.0,0.6962902568283734,2453.0,2453.0
