,False,True,accuracy,macro avg,weighted avg
f1-score,0.3800675675675676,0.42159180457052803,0.40154912352221767,0.4008296860690478,0.4124168610501022
precision,0.24644030668127054,0.8532695374800638,0.40154912352221767,0.5498549220806672,0.7191882316941095
recall,0.8302583025830258,0.27995813710099426,0.40154912352221767,0.5551082198420101,0.40154912352221767
support,542.0,1911.0,0.40154912352221767,2453.0,2453.0
