,False,True,accuracy,macro avg,weighted avg
f1-score,0.010638297872340425,0.8714877936434823,0.7725234406848757,0.44106304575791133,0.6812797110067277
precision,0.13636363636363635,0.7782805429864253,0.7725234406848757,0.45732208967503085,0.6364464771937015
recall,0.005535055350553505,0.9900575614861329,0.7725234406848757,0.4977963084183432,0.7725234406848757
support,542.0,1911.0,0.7725234406848757,2453.0,2453.0
