,False,True,accuracy,macro avg,weighted avg
f1-score,0.08967391304347827,0.8393285371702639,0.7268650631879331,0.4645012251068711,0.6736893988593313
precision,0.17010309278350516,0.7746790615316512,0.7268650631879331,0.4723910771575782,0.6410956228600266
recall,0.06088560885608856,0.9157509157509157,0.7268650631879331,0.4883182623035021,0.7268650631879331
support,542.0,1911.0,0.7268650631879331,2453.0,2453.0
