,False,True,accuracy,macro avg,weighted avg
f1-score,0.33092580433355223,0.6987880579367427,0.5845902975947819,0.5148569311351474,0.6175074458483084
precision,0.25688073394495414,0.8029891304347826,0.5845902975947819,0.5299349321898683,0.6823243318626313
recall,0.46494464944649444,0.6185243328100472,0.5845902975947819,0.5417344911282708,0.5845902975947819
support,542.0,1911.0,0.5845902975947819,2453.0,2453.0
