,False,True,accuracy,macro avg,weighted avg
f1-score,0.39475982532751097,0.815740494549322,0.7174887892376681,0.6052501599384165,0.7227231595643152
precision,0.3747927031509121,0.8291891891891892,0.7174887892376681,0.6019909461700507,0.7287884980221504
recall,0.41697416974169743,0.8027210884353742,0.7174887892376681,0.6098476290885357,0.7174887892376681
support,542.0,1911.0,0.7174887892376681,2453.0,2453.0
