,False,True,accuracy,macro avg,weighted avg
f1-score,0.0,0.9975420684439402,0.995096190116937,0.4987710342219701,0.9975420684439403
precision,0.0,1.0,0.995096190116937,0.5,1.0
recall,0.0,0.995096190116937,0.995096190116937,0.4975480950584685,0.995096190116937
support,0.0,5302.0,0.995096190116937,5302.0,5302.0
