,False,True,accuracy,macro avg,weighted avg
f1-score,0.04455445544554455,0.9211923233973051,0.8543945680875141,0.4828733894214248,0.7976826124655877
precision,0.29508196721311475,0.86090440755581,0.8543945680875141,0.5779931873844624,0.7811855537391383
recall,0.024096385542168676,0.9905598243688255,0.8543945680875141,0.5073281049554971,0.8543945680875141
support,747.0,4555.0,0.8543945680875141,5302.0,5302.0
