,False,True,accuracy,macro avg,weighted avg
f1-score,0.3800780353454212,0.5676324635825196,0.490569596378725,0.4738552494639704,0.5275180309871085
precision,0.25690350605026374,0.8528138528138528,0.490569596378725,0.5548586794320582,0.7253596217256012
recall,0.7301587301587301,0.42538387715930903,0.490569596378725,0.5777713036590195,0.490569596378725
support,1134.0,4168.0,0.490569596378725,5302.0,5302.0
