,False,True,accuracy,macro avg,weighted avg
f1-score,0.23965141612200436,0.789986761343122,0.6708789136175028,0.5148190887325632,0.6722801824142748
precision,0.2368647717484927,0.7925621830475731,0.6708789136175028,0.5147134773980329,0.6737087570926208
recall,0.24250440917107582,0.7874280230326296,0.6708789136175028,0.5149662161018527,0.6708789136175028
support,1134.0,4168.0,0.6708789136175028,5302.0,5302.0
