,False,True,accuracy,macro avg,weighted avg
f1-score,0.34987794955248175,0.8038301006629021,0.6986043002640513,0.5768540251076919,0.7373041064318955
precision,0.25580011897679955,0.904170118751726,0.6986043002640513,0.5799851188642628,0.8091524858160191
recall,0.5534105534105535,0.72353591160221,0.6986043002640513,0.6384732325063818,0.6986043002640513
support,777.0,4525.0,0.6986043002640513,5302.0,5302.0
