,False,True,accuracy,macro avg,weighted avg
f1-score,0.020689655172413793,0.879711986446421,0.7857412297246322,0.4502008208094174,0.6959829552007167
precision,0.46153846153846156,0.7873388931008339,0.7857412297246322,0.6244386773196478,0.7176561904618807
recall,0.010582010582010581,0.996641074856046,0.7857412297246322,0.5036115427190283,0.7857412297246322
support,1134.0,4168.0,0.7857412297246322,5302.0,5302.0
