,False,True,accuracy,macro avg,weighted avg
f1-score,0.042265426880811495,0.8797367583059124,0.7863070539419087,0.4610010925933619,0.7006170884009587
precision,0.5102040816326531,0.7888825433085855,0.7863070539419087,0.6495433124706194,0.7292783608226354
recall,0.02204585537918871,0.9942418426103646,0.7863070539419087,0.5081438489947767,0.7863070539419087
support,1134.0,4168.0,0.7863070539419087,5302.0,5302.0
