,False,True,accuracy,macro avg,weighted avg
f1-score,0.3234144875263,0.6906692318263021,0.5754432289702,0.5070418596763011,0.6121202163536121
precision,0.24532603739170086,0.8082984882598906,0.5754432289702,0.5268122628257957,0.6878890655355362
recall,0.47442680776014107,0.6029270633397313,0.5754432289702,0.5386769355499362,0.5754432289702
support,1134.0,4168.0,0.5754432289702,5302.0,5302.0
