,False,True,accuracy,macro avg,weighted avg
f1-score,0.04125177809388336,0.8534464013916069,0.7457563183704262,0.4473490897427451,0.8260260246337244
precision,0.023634881825590873,0.9631901840490797,0.7457563183704262,0.49341253293733534,0.9314700031554538
recall,0.16201117318435754,0.7661526449346087,0.7457563183704262,0.4640819090594831,0.7457563183704262
support,179.0,5123.0,0.7457563183704262,5302.0,5302.0
