,False,True,accuracy,macro avg,weighted avg
f1-score,0.00975609756097561,0.9804788922011733,0.9617125612976235,0.4951174948810745,0.9477064704281453
precision,0.038461538461538464,0.966262319939348,0.9617125612976235,0.5023619292004432,0.9349389815982451
recall,0.00558659217877095,0.9951200468475503,0.9617125612976235,0.5003533195131606,0.9617125612976235
support,179.0,5123.0,0.9617125612976235,5302.0,5302.0
