,False,True,accuracy,macro avg,weighted avg
f1-score,0.03508771929824561,0.9787972243639167,0.9585062240663901,0.5069424718310811,0.9469367940721861
precision,0.08163265306122448,0.9666857034075766,0.9585062240663901,0.5241591782344006,0.9368055645897726
recall,0.0223463687150838,0.9912160843255905,0.9585062240663901,0.5067812265203372,0.9585062240663901
support,179.0,5123.0,0.9585062240663901,5302.0,5302.0
