,False,True,accuracy,macro avg,weighted avg
f1-score,0.083206106870229,0.6991482965931864,0.5469634100339494,0.3911772017317077,0.6783535678190618
precision,0.04465383039737812,0.9755330304089479,0.5469634100339494,0.510093430403163,0.9441057620569918
recall,0.6089385474860335,0.5447979699394886,0.5469634100339494,0.576868258712761,0.5469634100339494
support,179.0,5123.0,0.5469634100339494,5302.0,5302.0
